loss,mape,val_loss,val_mape
0.03166680037975311,200254.03125,0.008411741815507412,301060.53125
0.0071425000205636024,80497.828125,0.007360140327364206,227796.921875
