loss,mape,val_loss,val_mape
0.016716239973902702,1495697.375,0.01579328253865242,1250291.75
0.015774544328451157,1467107.0,0.015738245099782944,1481668.5
0.015729056671261787,1466823.5,0.015719925984740257,1278096.125
