loss,mape,val_loss,val_mape
0.04081817343831062,266225.3125,0.01241608802229166,114.63966369628906
0.011504811234772205,101967.734375,0.010401827283203602,83.59620666503906
