loss,mape,val_loss,val_mape
0.060419678688049316,215982.53125,0.04223916307091713,298.8416442871094
0.052179355174303055,212971.890625,0.04038805887103081,254.8218536376953
